<?xml version="1.0" encoding="UTF-8"?>
<project-private xmlns="http://www.netbeans.org/ns/project-private/1">
    <editor-bookmarks xmlns="http://www.netbeans.org/ns/editor-bookmarks/2" lastBookmarkId="0"/>
    <open-files xmlns="http://www.netbeans.org/ns/projectui-open-files/2">
        <group>
            <file>file:/C:/Users/lenovo%20user/Desktop/Sgsame/Sgame/src/game/HowToPlay.java</file>
            <file>file:/C:/Users/lenovo%20user/Desktop/Sgsame/Sgame/src/game/Register.java</file>
            <file>file:/C:/Users/lenovo%20user/Desktop/Sgsame/Sgame/src/game/lightTheme.java</file>
            <file>file:/C:/Users/lenovo%20user/Desktop/Sgsame/Sgame/src/game/GuestMode.java</file>
            <file>file:/C:/Users/lenovo%20user/Desktop/Sgsame/Sgame/src/game/Game.java</file>
            <file>file:/C:/Users/lenovo%20user/Desktop/Sgsame/Sgame/src/game/GuestMenuu.java</file>
            <file>file:/C:/Users/lenovo%20user/Desktop/Sgsame/Sgame/src/game/Menu.java</file>
            <file>file:/C:/Users/lenovo%20user/Desktop/Sgsame/Sgame/src/game/SnakeGame.java</file>
            <file>file:/C:/Users/lenovo%20user/Desktop/Sgsame/Sgame/src/game/Login.java</file>
            <file>file:/C:/Users/lenovo%20user/Desktop/Sgsame/Sgame/src/game/Sound.java</file>
            <file>file:/C:/Users/lenovo%20user/Desktop/Sgsame/Sgame/src/game/User.java</file>
        </group>
    </open-files>
</project-private>
